"","threshold","utility","specificity","sensitivity","precision","f1","balanced_accuracy","fold"
"1",0.29,0.924642262079781,0.758379888268156,0.957894736842105,0.612107623318386,0.746922024623803,0.858137312555131,1
"2",0.3,0.924003986676109,0.790502793296089,0.950704225352113,0.642857142857143,0.767045454545454,0.870603509324101,2
"3",0.3,0.917951845149107,0.754189944134078,0.950704225352113,0.605381165919282,0.73972602739726,0.852447084743095,3
"4",0.21,0.883501193380019,0.547486033519553,0.950704225352113,0.454545454545455,0.61503416856492,0.749095129435833,4
"5",0.22,0.897052595292032,0.611188811188811,0.954225352112676,0.493624772313297,0.650660264105642,0.782707081650744,5
